{"name":"Inverter","editor":{"modified":1692607512133,"library":{"path":[],"icon":"folder fa-regular"},"result":{"cabin":["text",{"input":true,"expression":true,"defaultValue":"={cabin}","label":"cabin"}],"device":["text",{"input":true,"expression":true,"defaultValue":"--","label":"device"}],"historian":["text",{"input":true,"expression":true,"defaultValue":"={historian}","label":"historian"}]},"extends":{"module":".","name":"Group"}},"result":["Object",{"description":["String","Inverter"],"groups":["Object",{}],"tags":["Object",{"ACTIVE_POWER":["Object",{"description":["String","Active Power"],"type":["String","number"],"format":["String","%.1f"],"deadband":["String","0.0u"],"clientAccess":["String","R"],"engUnits":["String","kW"],"default":["String",null],"simulation":["Object",{"enabled":["Boolean",false]}],"persistency":["Number","0"],"views":["Array",[]],"security":{},"extensions":["Object",{"scaling":["Object",{"enabled":["Boolean",false],"raw":["Array",[["Number","0"],["Number","1000"]]],"eu":["Array",[["Number","0"],["Number","1000"]]],"clamp":["Array",[["Boolean",false],["Boolean",false]]]}],"source":["Object",{"enabled":["Boolean",true],"type":["String","OpcUaClient"],"module":["String","OpcUaClient"],"config":["Object",{"client":["String","DataSimN3"],"nodeId":["String","=\"ns=2;s=SUNN3RGY.BLUELAKE.PVG001.\"+{cabin}+\".\"+{device}+\".ACTIVE_POWER\""],"dataStructure":["String","scalar"],"options":["Object",{"samplingInterval":["Number","5000"],"discardOldest":["Boolean",false],"queueSize":["Number","10"]}]}]}],"history":["Object",{"enabled":["Boolean",false],"module":["String","={historian}"],"config":["Object",{"mode":["String","change"],"deadband":["String","0.0u"],"rangeY":["Array",[["Number","0"],["Number","100"]]],"interpolation":["String","linear"],"defaultMethod":["String","avg"],"rate":["Array",[["Number","0"],["Number","0"]]]}]}],"ae":["Object",{"alarms":["Object",{}]}]}]}],"REACTIVE_POWER":["Object",{"description":["String","Reactive Power"],"type":["String","number"],"format":["String","%.1f"],"deadband":["String","0.0u"],"clientAccess":["String","R"],"engUnits":["String","kVAr"],"default":["String",null],"simulation":["Object",{"enabled":["Boolean",false]}],"persistency":["Number","0"],"views":["Array",[]],"security":{},"extensions":["Object",{"scaling":["Object",{"enabled":["Boolean",false],"raw":["Array",[["Number","0"],["Number","1000"]]],"eu":["Array",[["Number","0"],["Number","1000"]]],"clamp":["Array",[["Boolean",false],["Boolean",false]]]}],"source":["Object",{"enabled":["Boolean",true],"type":["String","OpcUaClient"],"module":["String","OpcUaClient"],"config":["Object",{"client":["String","DataSimN3"],"nodeId":["String","=\"ns=2;s=SUNN3RGY.BLUELAKE.PVG001.\"+{cabin}+\".\"+{device}+\".REACTIVE_POWER\""],"dataStructure":["String","scalar"],"options":["Object",{"samplingInterval":["Number","5000"],"discardOldest":["Boolean",false],"queueSize":["Number","10"]}]}]}],"history":["Object",{"enabled":["Boolean",false],"module":["String","={historian}"],"config":["Object",{"mode":["String","change"],"deadband":["String","0.0u"],"rangeY":["Array",[["Number","0"],["Number","100"]]],"interpolation":["String","linear"],"defaultMethod":["String","avg"],"rate":["Array",[["Number","0"],["Number","0"]]]}]}],"ae":["Object",{"alarms":["Object",{}]}]}]}],"FREQUENCY":["Object",{"description":["String","Frequency"],"type":["String","number"],"format":["String",null],"deadband":["String","0.0u"],"clientAccess":["String","R"],"engUnits":["String","Hz"],"default":["String",null],"simulation":["Object",{"enabled":["Boolean",false]}],"persistency":["Number","0"],"views":["Array",[]],"security":{},"extensions":["Object",{"scaling":["Object",{"enabled":["Boolean",false],"raw":["Array",[["Number","0"],["Number","1000"]]],"eu":["Array",[["Number","0"],["Number","1000"]]],"clamp":["Array",[["Boolean",false],["Boolean",false]]]}],"source":["Object",{"enabled":["Boolean",true],"type":["String","OpcUaClient"],"module":["String","OpcUaClient"],"config":["Object",{"client":["String","DataSimN3"],"nodeId":["String","=\"ns=2;s=SUNN3RGY.BLUELAKE.PVG001.\"+{cabin}+\".\"+{device}+\".FREQUENCY\""],"dataStructure":["String","scalar"],"options":["Object",{"samplingInterval":["Number","5000"],"discardOldest":["Boolean",false],"queueSize":["Number","10"]}]}]}],"history":["Object",{"enabled":["Boolean",false],"module":["String","={historian}"],"config":["Object",{"mode":["String","change"],"deadband":["String","0.0u"],"rangeY":["Array",[["Number","0"],["Number","100"]]],"interpolation":["String","linear"],"defaultMethod":["String","avg"],"rate":["Array",[["Number","0"],["Number","0"]]]}]}],"ae":["Object",{"alarms":["Object",{}]}]}]}],"ACTIVE_ENERGY":["Object",{"description":["String","Active energy produced"],"type":["String","number"],"format":["String","%.1f"],"deadband":["String","0.0u"],"clientAccess":["String","R"],"engUnits":["String","kWh"],"default":["String",null],"simulation":["Object",{"enabled":["Boolean",false]}],"persistency":["Number","0"],"views":["Array",[]],"security":{},"extensions":["Object",{"scaling":["Object",{"enabled":["Boolean",false],"raw":["Array",[["Number","0"],["Number","1000"]]],"eu":["Array",[["Number","0"],["Number","1000"]]],"clamp":["Array",[["Boolean",false],["Boolean",false]]]}],"source":["Object",{"enabled":["Boolean",true],"type":["String","OpcUaClient"],"module":["String","OpcUaClient"],"config":["Object",{"client":["String","DataSimN3"],"nodeId":["String","=\"ns=2;s=SUNN3RGY.BLUELAKE.PVG001.\"+{cabin}+\".\"+{device}+\".ACTIVE_ENERGY\""],"dataStructure":["String","scalar"],"options":["Object",{"samplingInterval":["Number","5000"],"discardOldest":["Boolean",false],"queueSize":["Number","10"]}]}]}],"history":["Object",{"enabled":["Boolean",true],"module":["String","={historian}"],"config":["Object",{"mode":["String","change"],"deadband":["String","0.0u"],"rangeY":["Array",[["Number","0"],["Number","100"]]],"interpolation":["String","linear"],"defaultMethod":["String","avg"],"rate":["Array",[["Number","0"],["Number","0"]]]}]}],"ae":["Object",{"alarms":["Object",{}]}]}]}],"POWER_FACTOR":["Object",{"description":["String","Power factor"],"type":["String","number"],"format":["String","%.1f"],"deadband":["String","0.0u"],"clientAccess":["String","R"],"engUnits":["String",""],"default":["String",null],"simulation":["Object",{"enabled":["Boolean",false]}],"persistency":["Number","0"],"views":["Array",[]],"security":{},"extensions":["Object",{"scaling":["Object",{"enabled":["Boolean",false],"raw":["Array",[["Number","0"],["Number","1000"]]],"eu":["Array",[["Number","0"],["Number","1000"]]],"clamp":["Array",[["Boolean",false],["Boolean",false]]]}],"source":["Object",{"enabled":["Boolean",true],"type":["String","OpcUaClient"],"module":["String","OpcUaClient"],"config":["Object",{"client":["String","DataSimN3"],"nodeId":["String","=\"ns=2;s=SUNN3RGY.BLUELAKE.PVG001.\"+{cabin}+\".\"+{device}+\".POWER_FACTOR\""],"dataStructure":["String","scalar"],"options":["Object",{"samplingInterval":["Number","5000"],"discardOldest":["Boolean",false],"queueSize":["Number","10"]}]}]}],"history":["Object",{"enabled":["Boolean",false],"module":["String","={historian}"],"config":["Object",{"mode":["String","change"],"deadband":["String","0.0u"],"rangeY":["Array",[["Number","0"],["Number","100"]]],"interpolation":["String","linear"],"defaultMethod":["String","avg"],"rate":["Array",[["Number","0"],["Number","0"]]]}]}],"ae":["Object",{"alarms":["Object",{}]}]}]}],"VOLTAGE":["Object",{"description":["String","AC Voltage"],"type":["String","number"],"format":["String","%.1f"],"deadband":["String","0.0u"],"clientAccess":["String","R"],"engUnits":["String","V"],"default":["String",null],"simulation":["Object",{"enabled":["Boolean",false]}],"persistency":["Number","0"],"views":["Array",[]],"security":{},"extensions":["Object",{"scaling":["Object",{"enabled":["Boolean",false],"raw":["Array",[["Number","0"],["Number","1000"]]],"eu":["Array",[["Number","0"],["Number","1000"]]],"clamp":["Array",[["Boolean",false],["Boolean",false]]]}],"source":["Object",{"enabled":["Boolean",true],"type":["String","OpcUaClient"],"module":["String","OpcUaClient"],"config":["Object",{"client":["String","DataSimN3"],"nodeId":["String","=\"ns=2;s=SUNN3RGY.BLUELAKE.PVG001.\"+{cabin}+\".\"+{device}+\".VOLTAGE\""],"dataStructure":["String","scalar"],"options":["Object",{"samplingInterval":["Number","5000"],"discardOldest":["Boolean",false],"queueSize":["Number","10"]}]}]}],"history":["Object",{"enabled":["Boolean",false],"module":["String","={historian}"],"config":["Object",{"mode":["String","change"],"deadband":["String","0.0u"],"rangeY":["Array",[["Number","0"],["Number","100"]]],"interpolation":["String","linear"],"defaultMethod":["String","avg"],"rate":["Array",[["Number","0"],["Number","0"]]]}]}],"ae":["Object",{"alarms":["Object",{}]}]}]}]}]}],"params":["Object",{"cabin":["String","={cabin}"],"device":["String","--"],"historian":["String","={historian}"]}]}