{"name":"KPI Power Station","editor":{"modified":1692606844561,"library":{"path":[],"icon":"folder fa-regular"},"result":{"cabin":["text",{"input":true,"expression":true,"defaultValue":"={cabin}","label":"cabin"}],"historian":["text",{"input":true,"expression":true,"defaultValue":"={historian}","label":"historian"}]},"extends":{"module":".","name":"Group"}},"result":["Object",{"description":["String","KPI Power Station"],"groups":["Object",{}],"tags":["Object",{"PERFORMANCE_RATIO":["Object",{"description":["String","Performance ratio"],"type":["String","number"],"format":["String","%.1f"],"deadband":["String","0.0u"],"clientAccess":["String","R"],"engUnits":["String","%"],"default":["String",null],"simulation":["Object",{"enabled":["Boolean",false]}],"persistency":["Number","0"],"views":["Array",[]],"security":{},"extensions":["Object",{"scaling":["Object",{"enabled":["Boolean",false],"raw":["Array",[["Number","0"],["Number","1000"]]],"eu":["Array",[["Number","0"],["Number","1000"]]],"clamp":["Array",[["Boolean",false],["Boolean",false]]]}],"source":["Object",{"enabled":["Boolean",true],"type":["String","OpcUaClient"],"module":["String","OpcUaClient"],"config":["Object",{"client":["String","DataSimN3"],"nodeId":["String","=\"ns=2;s=SUNN3RGY.BLUELAKE.PVG001.\"+{cabin}+\"KPI.PERFORMANCE_RATIO\""],"dataStructure":["String","scalar"],"options":["Object",{"samplingInterval":["Number","5000"],"discardOldest":["Boolean",false],"queueSize":["Number","10"]}]}]}],"history":["Object",{"enabled":["Boolean",true],"module":["String","={historian}"],"config":["Object",{"mode":["String","change"],"deadband":["String","0.0u"],"rangeY":["Array",[["Number","0"],["Number","100"]]],"interpolation":["String","linear"],"defaultMethod":["String","avg"],"rate":["Array",[["Number","0"],["Number","0"]]]}]}],"ae":["Object",{"alarms":["Object",{}]}]}]}],"ACTIVE_POWER_5MIN_AVG":["Object",{"description":["String","5 minutes average active power"],"type":["String","number"],"format":["String","%.1f"],"deadband":["String","0.0u"],"clientAccess":["String","R"],"engUnits":["String","kW"],"default":["String",null],"simulation":["Object",{"enabled":["Boolean",false]}],"persistency":["Number","0"],"views":["Array",[]],"security":{},"extensions":["Object",{"scaling":["Object",{"enabled":["Boolean",false],"raw":["Array",[["Number","0"],["Number","1000"]]],"eu":["Array",[["Number","0"],["Number","1000"]]],"clamp":["Array",[["Boolean",false],["Boolean",false]]]}],"source":["Object",{"enabled":["Boolean",true],"type":["String","OpcUaClient"],"module":["String","OpcUaClient"],"config":["Object",{"client":["String","DataSimN3"],"nodeId":["String","=\"ns=2;s=SUNN3RGY.BLUELAKE.PVG001.\"+{cabin}+\".KPI.ACTIVE_POWER_5MIN_AVG\""],"dataStructure":["String","scalar"],"options":["Object",{"samplingInterval":["Number","5000"],"discardOldest":["Boolean",false],"queueSize":["Number","10"]}]}]}],"history":["Object",{"enabled":["Boolean",true],"module":["String","={historian}"],"config":["Object",{"mode":["String","change"],"deadband":["String","0.0u"],"rangeY":["Array",[["Number","0"],["Number","100"]]],"interpolation":["String","linear"],"defaultMethod":["String","avg"],"rate":["Array",[["Number","0"],["Number","0"]]]}]}],"ae":["Object",{"alarms":["Object",{}]}]}]}],"ACTIVE_POWER_TOTAL":["Object",{"description":["String","Power station total active power"],"type":["String","number"],"format":["String","%.1f"],"deadband":["String","0.0u"],"clientAccess":["String","R"],"engUnits":["String","kW"],"default":["String",null],"simulation":["Object",{"enabled":["Boolean",false]}],"persistency":["Number","0"],"views":["Array",[]],"security":{},"extensions":["Object",{"scaling":["Object",{"enabled":["Boolean",false],"raw":["Array",[["Number","0"],["Number","1000"]]],"eu":["Array",[["Number","0"],["Number","1000"]]],"clamp":["Array",[["Boolean",false],["Boolean",false]]]}],"source":["Object",{"enabled":["Boolean",true],"type":["String","OpcUaClient"],"module":["String","OpcUaClient"],"config":["Object",{"client":["String","DataSimN3"],"nodeId":["String","=\"ns=2;s=SUNN3RGY.BLUELAKE.PVG001.\"+{cabin}+\".KPI.ACTIVE_POWER_TOTAL\""],"dataStructure":["String","scalar"],"options":["Object",{"samplingInterval":["Number","5000"],"discardOldest":["Boolean",false],"queueSize":["Number","10"]}]}]}],"history":["Object",{"enabled":["Boolean",true],"module":["String","={historian}"],"config":["Object",{"mode":["String","change"],"deadband":["String","0.0u"],"rangeY":["Array",[["Number","0"],["Number","100"]]],"interpolation":["String","linear"],"defaultMethod":["String","avg"],"rate":["Array",[["Number","0"],["Number","0"]]]}]}],"ae":["Object",{"alarms":["Object",{}]}]}]}],"POA_IRRADIANCE_5MIN_AVG":["Object",{"description":["String","5 minutes average irradiance"],"type":["String","number"],"format":["String","%.1f"],"deadband":["String","0.0u"],"clientAccess":["String","R"],"engUnits":["String","w/m2"],"default":["String",null],"simulation":["Object",{"enabled":["Boolean",false]}],"persistency":["Number","0"],"views":["Array",[]],"security":{},"extensions":["Object",{"scaling":["Object",{"enabled":["Boolean",false],"raw":["Array",[["Number","0"],["Number","1000"]]],"eu":["Array",[["Number","0"],["Number","1000"]]],"clamp":["Array",[["Boolean",false],["Boolean",false]]]}],"source":["Object",{"enabled":["Boolean",true],"type":["String","OpcUaClient"],"module":["String","OpcUaClient"],"config":["Object",{"client":["String","DataSimN3"],"nodeId":["String","=\"ns=2;s=SUNN3RGY.BLUELAKE.PVG001.\"+{cabin}+\".KPI.POA_IRRADIANCE_5MIN_AVG\""],"dataStructure":["String","scalar"],"options":["Object",{"samplingInterval":["Number","5000"],"discardOldest":["Boolean",false],"queueSize":["Number","10"]}]}]}],"history":["Object",{"enabled":["Boolean",true],"module":["String","={historian}"],"config":["Object",{"mode":["String","change"],"deadband":["String","0.0u"],"rangeY":["Array",[["Number","0"],["Number","100"]]],"interpolation":["String","linear"],"defaultMethod":["String","avg"],"rate":["Array",[["Number","0"],["Number","0"]]]}]}],"ae":["Object",{"alarms":["Object",{}]}]}]}],"NOMINAL_POWER":["Object",{"description":["String","Nominal power"],"type":["String","number"],"format":["String","%.1f"],"deadband":["String","0.0u"],"clientAccess":["String","R"],"engUnits":["String","kW"],"default":["String",null],"simulation":["Object",{"enabled":["Boolean",false]}],"persistency":["Number","0"],"views":["Array",[]],"security":{},"extensions":["Object",{"scaling":["Object",{"enabled":["Boolean",false],"raw":["Array",[["Number","0"],["Number","1000"]]],"eu":["Array",[["Number","0"],["Number","1000"]]],"clamp":["Array",[["Boolean",false],["Boolean",false]]]}],"source":["Object",{"enabled":["Boolean",true],"type":["String","OpcUaClient"],"module":["String","OpcUaClient"],"config":["Object",{"client":["String","DataSimN3"],"nodeId":["String","=\"ns=2;s=SUNN3RGY.BLUELAKE.PVG001.\"+{cabin}+\".KPI.NOMINAL_POWER\""],"dataStructure":["String","scalar"],"options":["Object",{"samplingInterval":["Number","5000"],"discardOldest":["Boolean",false],"queueSize":["Number","10"]}]}]}],"history":["Object",{"enabled":["Boolean",true],"module":["String","={historian}"],"config":["Object",{"mode":["String","change"],"deadband":["String","0.0u"],"rangeY":["Array",[["Number","0"],["Number","100"]]],"interpolation":["String","linear"],"defaultMethod":["String","avg"],"rate":["Array",[["Number","0"],["Number","0"]]]}]}],"ae":["Object",{"alarms":["Object",{}]}]}]}]}]}],"params":["Object",{"cabin":["String","={cabin}"],"historian":["String","={historian}"]}]}