{"name":"Power Station","editor":{"modified":1692605095369,"library":{"path":[],"icon":"folder fa-regular"},"result":{"cabin":["text",{"input":true,"expression":true,"defaultValue":"--","label":"cabin"}],"historian":["text",{"input":true,"expression":true,"defaultValue":"={historian}","label":"historian"}]},"extends":{"module":".","name":"Group"}},"result":["Object",{"description":["String","Power Station"],"groups":["Object",{"INV001":["Inverter",["Object",{"device":["String","INV001"]}]],"INV002":["Inverter",["Object",{"device":["String","INV002"]}]],"WST001":["Weather Station",["Object",{}]],"KPI":["KPI Power Station",["Object",{}]]}],"tags":["Object",{}]}],"params":["Object",{"cabin":["String","--"],"historian":["String","={historian}"]}]}