{"name":"Weather Station","editor":{"modified":1699347259832,"library":{"path":[],"icon":"folder fa-regular"},"result":{"cabin":["text",{"input":true,"expression":true,"defaultValue":"={cabin}","label":"cabin"}],"historian":["text",{"input":true,"expression":true,"defaultValue":"={historian}","label":"historian"}]},"extends":{"module":".","name":"Group"}},"result":["Object",{"description":["String","Weather Station"],"groups":["Object",{}],"tags":["Object",{"POA IRRADIANCE":["Object",{"description":["String","Plane of Array irrandiance"],"type":["String","number"],"format":["String","%.1f"],"deadband":["String","0.0u"],"clientAccess":["String","R"],"engUnits":["String","w/m2"],"default":["String",null],"simulation":["Object",{"enabled":["Boolean",false]}],"persistency":["Number",0],"views":["Array",[]],"security":{},"extensions":["Object",{"scaling":["Object",{"enabled":["Boolean",false],"raw":["Array",[["Number",0],["Number",1000]]],"eu":["Array",[["Number",0],["Number",1000]]],"clamp":["Array",[["Boolean",false],["Boolean",false]]]}],"source":["Object",{"enabled":["Boolean",true],"type":["String","OpcUaClient"],"module":["String","OpcUaClient"],"config":["Object",{"client":["String","DataSimN3"],"nodeId":["String","=\"ns=2;s=SUNN3RGY.BLUELAKE.PVG001.\"+{cabin}+\".WST001.POA IRRADIANCE\""],"dataStructure":["String","scalar"],"options":["Object",{"samplingInterval":["Number",5000],"discardOldest":["Boolean",false],"queueSize":["Number",10]}]}]}],"history":["Object",{"enabled":["Boolean",true],"module":["String","={historian}"],"config":["Object",{"mode":["String","change"],"deadband":["String","0.0u"],"rangeY":["Array",[["Number",0],["Number",100]]],"interpolation":["String","linear"],"defaultMethod":["String","avg"],"rate":["Array",[["Number",0],["Number",0]]]}]}],"ae":["Object",{"alarms":["Object",{}]}]}]}]}]}],"params":["Object",{"cabin":["String","={cabin}"],"historian":["String","={historian}"]}]}